iter,P,cycles_mean,cycles_stdev,instr_mean,instr_stdev,elim_mean,elim_stdev,notelim_mean,notelim_stdev,time_mean,time_stdev
1,0,6401635390.500000000000,22108.320389618022,1800162505.900000000000,1.374772708486,200017507.300000000000,89.144882074070,2294.100000000000,50.419143189863,2.574984940600,.002640386903
1,1,5962925525.400000000000,1032376.984454341659,2000162332.800000000000,1.248999599679,200017483.900000000000,143.316747102353,2232.300000000000,42.213860283087,2.397336725100,.000542213057
1,2,5934881637.700000000000,19122.174452974745,2200162340.100000000000,30.513767384575,200017387.000000000000,130.252831063282,2265.200000000000,42.051872728809,2.386112959400,.000352930588
1,3,6101586045.100000000000,5636.629905360116,2400162388.000000000000,1.341640786499,200017564.600000000000,141.327421259994,2282.400000000000,37.003243101112,2.453036513200,.000586703502
1,4,6401662902.900000000000,52424.754268284367,2600162516.300000000000,23.920911353876,200017582.000000000000,89.573433561519,2308.400000000000,57.777504272856,2.573425652400,.000489569198
1,5,6157737222.700000000000,1202434.481522303151,2800162410.500000000000,1.360147050873,200017574.200000000000,181.745866527962,2263.900000000000,51.469311244663,2.475696287800,.000527763204
1,6,6134932028.000000000000,17279.822539598026,3000162404.300000000000,8.283115355951,200017433.400000000000,99.258450521857,2310.300000000000,63.579949669687,2.466477782200,.000359006963
